AVENGER-HP,AVENGER-HP,/images/product3_pic1.jpg,产品定位：运动型轿车轮胎,轮辋：15”，16”，17”，18”,速度：H,SKU：14个,适合路况：高速公路，国道，省道，城市街道,制造地: CKT（中国昆山工厂）,上市时间: 2012年8月,/mc-hp.html,205,50,R15
AVENGER-HP,AVENGER-HP,/images/product3_pic1.jpg,产品定位：运动型轿车轮胎,轮辋：15”，16”，17”，18”,速度：H,SKU：14个,适合路况：高速公路，国道，省道，城市街道,制造地: CKT（中国昆山工厂）,上市时间: 2012年8月,/mc-hp.html,205,40,R16 RE
AVENGER-HP,AVENGER-HP,/images/product3_pic1.jpg,产品定位：运动型轿车轮胎,轮辋：15”，16”，17”，18”,速度：H,SKU：14个,适合路况：高速公路，国道，省道，城市街道,制造地: CKT（中国昆山工厂）,上市时间: 2012年8月,/mc-hp.html,205,45,R16
AVENGER-HP,AVENGER-HP,/images/product3_pic1.jpg,产品定位：运动型轿车轮胎,轮辋：15”，16”，17”，18”,速度：H,SKU：14个,适合路况：高速公路，国道，省道，城市街道,制造地: CKT（中国昆山工厂）,上市时间: 2012年8月,/mc-hp.html,205,50,R16
AVENGER-HP,AVENGER-HP,/images/product3_pic1.jpg,产品定位：运动型轿车轮胎,轮辋：15”，16”，17”，18”,速度：H,SKU：14个,适合路况：高速公路，国道，省道，城市街道,制造地: CKT（中国昆山工厂）,上市时间: 2012年8月,/mc-hp.html,225,50,R16
AVENGER-HP,AVENGER-HP,/images/product3_pic1.jpg,产品定位：运动型轿车轮胎,轮辋：15”，16”，17”，18”,速度：H,SKU：14个,适合路况：高速公路，国道，省道，城市街道,制造地: CKT（中国昆山工厂）,上市时间: 2012年8月,/mc-hp.html,245,50,R16
AVENGER-HP,AVENGER-HP,/images/product3_pic1.jpg,产品定位：运动型轿车轮胎,轮辋：15”，16”，17”，18”,速度：H,SKU：14个,适合路况：高速公路，国道，省道，城市街道,制造地: CKT（中国昆山工厂）,上市时间: 2012年8月,/mc-hp.html,205,40,R17 RE
AVENGER-HP,AVENGER-HP,/images/product3_pic1.jpg,产品定位：运动型轿车轮胎,轮辋：15”，16”，17”，18”,速度：H,SKU：14个,适合路况：高速公路，国道，省道，城市街道,制造地: CKT（中国昆山工厂）,上市时间: 2012年8月,/mc-hp.html,215,45,R17
AVENGER-HP,AVENGER-HP,/images/product3_pic1.jpg,产品定位：运动型轿车轮胎,轮辋：15”，16”，17”，18”,速度：H,SKU：14个,适合路况：高速公路，国道，省道，城市街道,制造地: CKT（中国昆山工厂）,上市时间: 2012年8月,/mc-hp.html,225,45,R17
AVENGER-HP,AVENGER-HP,/images/product3_pic1.jpg,产品定位：运动型轿车轮胎,轮辋：15”，16”，17”，18”,速度：H,SKU：14个,适合路况：高速公路，国道，省道，城市街道,制造地: CKT（中国昆山工厂）,上市时间: 2012年8月,/mc-hp.html,235,45,R17
AVENGER-HP,AVENGER-HP,/images/product3_pic1.jpg,产品定位：运动型轿车轮胎,轮辋：15”，16”，17”，18”,速度：H,SKU：14个,适合路况：高速公路，国道，省道，城市街道,制造地: CKT（中国昆山工厂）,上市时间: 2012年8月,/mc-hp.html,245,45,R17
AVENGER-HP,AVENGER-HP,/images/product3_pic1.jpg,产品定位：运动型轿车轮胎,轮辋：15”，16”，17”，18”,速度：H,SKU：14个,适合路况：高速公路，国道，省道，城市街道,制造地: CKT（中国昆山工厂）,上市时间: 2012年8月,/mc-hp.html,215,35,R18 RE
AVENGER-HP,AVENGER-HP,/images/product3_pic1.jpg,产品定位：运动型轿车轮胎,轮辋：15”，16”，17”，18”,速度：H,SKU：14个,适合路况：高速公路，国道，省道，城市街道,制造地: CKT（中国昆山工厂）,上市时间: 2012年8月,/mc-hp.html,215,45,R18
AVENGER-HP,AVENGER-HP,/images/product3_pic1.jpg,产品定位：运动型轿车轮胎,轮辋：15”，16”，17”，18”,速度：H,SKU：14个,适合路况：高速公路，国道，省道，城市街道,制造地: CKT（中国昆山工厂）,上市时间: 2012年8月,/mc-hp.html,225,40,R18